,repository,lines_of_code,cyclomatic_complexity,tlag,deps_depth
0,https://github.com/oliviertassinari/babel-plugin-transform-react-remove-prop-types,4239,1784,550,10.0
1,https://github.com/rollup/babel-preset-es2015-rollup,44,25,697,6.0
2,https://github.com/conventional-changelog/conventional-changelog,12637,6352,390,3.0
3,https://github.com/TehShrike/deepmerge,869,429,559,10.0
4,https://github.com/feross/eslint-config-standard-react,32,22,358,6.0
5,https://github.com/facebook/immutable-js,12199,4268,676,11.0
6,https://github.com/nikku/karma-browserify,2235,1403,1096,10.0
7,https://github.com/paulmillr/es6-shim,36905,16875,1044,8.0
8,https://github.com/sinonjs/lolex,4793,2904,408,9.0
9,https://github.com/stylelint/stylelint-config-standard,193,36,482,11.0
10,https://github.com/systemjs/systemjs,8175,2825,447,10.0
11,https://github.com/substack/faucet,235,124,1926,3.0
12,https://github.com/avevlad/gulp-connect,302,103,452,11.0
13,https://github.com/nodejs/readable-stream,24755,16150,319,9.0
14,https://github.com/emberjs/ember.js,131886,56610,253,10.0
15,https://github.com/indutny/node-ip,823,421,1583,11.0
16,https://github.com/raszi/node-tmp,2489,1047,474,6.0
17,https://github.com/jquery/esprima,74331,31843,602,11.0
18,https://github.com/goldhand/sw-precache-webpack-plugin,1096,490,660,9.0
19,https://github.com/grncdr/merge-stream,146,103,1619,5.0
20,https://github.com/gulpjs/vinyl,2086,1132,974,11.0
21,https://github.com/epoberezkin/ajv,10563,4969,312,10.0
22,https://github.com/scniro/gulp-clean-css,401,191,665,11.0
23,https://github.com/webpack-contrib/imports-loader,131,83,767,9.0
24,https://github.com/archiverjs/node-archiver,2446,1131,272,6.0
25,https://github.com/isaacs/inherits,55,38,921,9.0
26,https://github.com/pvorb/node-clone,932,584,326,10.0
27,https://github.com/nodesecurity/gulp-nsp,123,66,1141,11.0
28,https://github.com/karma-runner/grunt-karma,345,143,984,10.0
29,https://github.com/jaredhanson/passport,8256,4235,861,4.0
30,https://github.com/nightwatchjs/nightwatch,36005,15661,344,8.0
31,https://github.com/tracker1/gulp-header,301,173,453,11.0
32,https://github.com/auth0/node-jsonwebtoken,3991,1622,295,9.0
33,https://github.com/jprichardson/node-jsonfile,927,549,1037,8.0
34,https://github.com/vuejs/vue-html-loader,306,118,1233,8.0
35,https://github.com/ng-packagr/ng-packagr,3304,1653,293,10.0
36,https://github.com/brianc/node-postgres,9190,4986,399,7.0
37,https://github.com/postcss/gulp-postcss,693,357,833,9.0
38,https://github.com/karma-runner/karma-safari-launcher,39,23,856,5.0
39,https://github.com/Gozala/querystring,372,183,2171,6.0
40,https://github.com/d3/d3,131,35,435,7.0
41,https://github.com/cssnano/cssnano,21055,6399,356,11.0
42,https://github.com/Urthen/case-sensitive-paths-webpack-plugin,614,338,947,9.0
43,https://github.com/jakubpawlowicz/clean-css,38445,10853,445,6.0
44,https://github.com/moxystudio/node-cross-spawn,927,549,928,9.0
45,https://github.com/shama/stylus-loader,1296,685,1203,10.0
46,https://github.com/maxdavidson/rollup-plugin-sourcemaps,83,29,286,9.0
47,https://github.com/nodemailer/nodemailer,22708,8754,300,11.0
48,https://github.com/facebook/regenerator,14221,7669,297,8.0
49,https://github.com/matthew-andrews/isomorphic-fetch,74,47,1549,5.0
50,https://github.com/pvorb/node-md5,253,155,1314,4.0
51,https://github.com/pillarjs/path-to-regexp,368,176,405,8.0
52,https://github.com/TrySound/rollup-plugin-terser,334,146,321,10.0
53,https://github.com/sindresorhus/time-grunt,242,135,1412,11.0
54,https://github.com/ember-cli/ember-ajax,2898,1204,473,11.0
55,https://github.com/Automattic/socket.io-client,14934,7278,787,11.0
56,https://github.com/ashtuchkin/iconv-lite,5145,2656,1241,5.0
57,https://github.com/SBoudrias/gulp-exclude-gitignore,227,124,542,11.0
58,https://github.com/buzinas/tslint-eslint-rules,143,66,602,11.0
59,https://github.com/embersherpa/ember-cli-app-version,663,346,536,11.0
60,https://github.com/trentm/node-bunyan,5372,2468,1096,10.0
61,https://github.com/mapbox/node-sqlite3,2798,1618,461,5.0
62,https://github.com/hapijs/lab,13977,8645,372,10.0
63,https://github.com/expressjs/serve-static,1042,399,1034,8.0
64,https://github.com/hapijs/joi,42113,11048,178,7.0
65,https://github.com/cloudhead/vows,2069,1299,887,4.0
66,https://github.com/MoOx/postcss-cssnext,1883,723,714,11.0
67,https://github.com/expressjs/session,3732,1629,549,8.0
68,https://github.com/expressjs/serve-favicon,563,241,875,7.0
69,https://github.com/sindresorhus/gulp-filter,374,240,1658,11.0
70,https://github.com/substack/brfs,860,640,1138,10.0
71,https://github.com/feross/snazzy,125,62,849,8.0
72,https://github.com/nodejs/nan,2149,1055,383,7.0
73,https://github.com/nodesecurity/nsp,1408,677,699,7.0
74,https://github.com/jonathanKingston/ember-cli-sri,253,125,1303,11.0
75,https://github.com/reduxjs/redux-thunk,164,75,583,11.0
76,https://github.com/defunctzombie/commonjs-assert,837,467,1686,10.0
77,https://github.com/babel/ember-cli-babel,2258,973,362,11.0
78,https://github.com/teambition/merge2,429,290,1199,9.0
79,https://github.com/zertosh/invariant,184,92,1499,7.0
80,https://github.com/power-assert-js/power-assert,20005,9412,356,11.0
81,https://github.com/gulp-community/gulp-less,213,118,1135,8.0
82,https://github.com/ember-cli/ember-cli-uglify,315,108,419,11.0
83,https://github.com/markdalgleish/gulp-coveralls,250,144,1446,11.0
84,https://github.com/sindresorhus/query-string,740,315,196,11.0
85,https://github.com/mikaelbr/node-notifier,2307,1148,619,10.0
86,https://github.com/sindresorhus/globby,694,329,538,9.0
87,https://github.com/ember-cli/ember-cli-eslint,916,369,524,11.0
88,https://github.com/s-panferov/awesome-typescript-loader,2,3,610,9.0
89,https://github.com/browserify/resolve,2315,1394,424,8.0
90,https://github.com/gruntjs/grunt-contrib-cssmin,231,110,1009,11.0
91,https://github.com/codecov/codecov-node,1853,677,487,10.0
92,https://github.com/yeoman/yeoman-assert,689,256,1313,11.0
93,https://github.com/webpack-contrib/less-loader,967,394,686,9.0
94,https://github.com/geowarin/friendly-errors-webpack-plugin,1347,610,692,11.0
95,https://github.com/GoogleChrome/puppeteer,29572,9354,270,6.0
96,https://github.com/amvtek/EventSource,5447,2700,1585,10.0
97,https://github.com/mikeal/watch,332,189,1119,2.0
98,https://github.com/sindresorhus/execa,1232,660,26,10.0
99,https://github.com/markedjs/marked,3265,1739,289,8.0
100,https://github.com/conventional-changelog/standard-version,1605,843,613,9.0
101,https://github.com/highlightjs/highlight.js,25460,5948,197,8.0
102,https://github.com/mysqljs/mysql,16600,11594,406,6.0
103,https://github.com/NodeRedis/node_redis,12032,6714,589,8.0
104,https://github.com/markdown-it/markdown-it,15687,9366,631,8.0
105,https://github.com/gulp-community/gulp-coffee,326,169,1133,6.0
106,https://github.com/hapijs/code,2988,1648,357,7.0
107,https://github.com/alexmingoia/koa-router,3050,1311,448,11.0
108,https://github.com/stevelacy/gulp-bump,444,253,869,9.0
109,https://github.com/substack/node-deep-equal,229,107,2291,4.0
110,https://github.com/mongodb/node-mongodb-native,113461,56814,256,9.0
111,https://github.com/hapijs/hapi,24915,13797,334,7.0
112,https://github.com/vojtajina/grunt-bump,333,182,1067,10.0
113,https://github.com/webpack-contrib/webpack-bundle-analyzer,3007,1292,439,11.0
114,https://github.com/BenoitZugmeyer/eslint-plugin-html,2062,867,636,12.0
115,https://github.com/caolan/nodeunit,7671,3278,936,9.0
116,https://github.com/karma-runner/karma-firefox-launcher,271,125,856,11.0
117,https://github.com/ember-cli/ember-resolver,3554,1446,334,11.0
118,https://github.com/rollup/rollup-watch,509,222,1010,9.0
119,https://github.com/ramda/ramda,31277,10483,186,11.0
120,https://github.com/expressjs/cookie-parser,481,202,144,7.0
121,https://github.com/webpack-contrib/mini-css-extract-plugin,1678,451,404,10.0
122,https://github.com/google/eslint-config-google,397,245,1019,6.0
123,https://github.com/loganfsmyth/babel-plugin-transform-decorators-legacy,2047,1043,1208,11.0
124,https://github.com/ezolenko/rollup-plugin-typescript2,53465,13767,336,10.0
125,https://github.com/vuejs/vue,168671,79238,309,10.0
126,https://github.com/vuejs/babel-plugin-transform-vue-jsx,740,292,779,11.0
127,https://github.com/Raynos/xtend,139,102,1783,2.0
128,https://github.com/luisrudge/postcss-flexbugs-fixes,292,153,1026,11.0
129,https://github.com/gruntjs/grunt-contrib-connect,912,351,1237,10.0
130,https://github.com/angular/jasminewd,995,443,1140,8.0
131,https://github.com/websockets/ws,9126,4299,230,8.0
132,https://github.com/paulmillr/chokidar,3942,2098,290,8.0
133,https://github.com/pghalliday/grunt-mocha-test,1610,770,1477,11.0
134,https://github.com/angular/zone.js,35594,15039,413,11.0
135,https://github.com/webpack-contrib/copy-webpack-plugin,710,334,432,10.0
136,https://github.com/rstacruz/jsdom-global,268,61,672,8.0
137,https://github.com/NMFR/optimize-css-assets-webpack-plugin,362,128,605,9.0
138,https://github.com/geddski/grunt-release,554,245,1076,10.0
139,https://github.com/babel/babelify,709,435,538,9.0
140,https://github.com/lytics/ember-cli-release,2248,1155,1002,9.0
141,https://github.com/webpack-contrib/uglifyjs-webpack-plugin,3985,1698,414,10.0
142,https://github.com/broofa/node-mime,466,269,538,10.0
143,https://github.com/react-bootstrap/react-bootstrap,22113,5917,275,9.0
144,https://github.com/sequelize/sequelize,89805,32112,267,9.0
145,https://github.com/documentationjs/documentation,14528,4946,357,9.0
146,https://github.com/wbuchwalter/tslint-loader,385,200,855,9.0
147,https://github.com/ember-cli/ember-try,4120,1833,375,11.0
148,https://github.com/tleunen/babel-plugin-module-resolver,2123,628,514,9.0
149,https://github.com/Marak/Faker.js,1739857,126565,495,11.0
150,https://github.com/vuejs/vuex,8252,3455,300,9.0
151,https://github.com/ember-cli/eslint-plugin-ember,12606,3562,292,11.0
152,https://github.com/vuejs/vue-hot-reload-api,480,208,552,12.0
153,https://github.com/defunctzombie/node-url,2347,783,1815,8.0
154,https://github.com/request/request-promise-native,377,221,1041,11.0
155,https://github.com/sun-zheng-an/gulp-shell,5,2,45,10.0
156,https://github.com/karma-runner/karma-sauce-launcher,89,27,852,10.0
157,https://github.com/plasticine/inject-loader,828,280,945,9.0
158,https://github.com/mozilla/source-map,8335,3483,315,9.0
159,https://github.com/beautify-web/js-beautify,43505,13983,304,9.0
160,https://github.com/egoist/rollup-plugin-postcss,1034,339,658,9.0
161,https://github.com/nodejitsu/node-http-proxy,4962,2341,1012,9.0
162,https://github.com/gaearon/babel-plugin-react-transform,931,345,1298,11.0
163,https://github.com/rwjblue/ember-cli-content-security-policy,585,276,997,11.0
164,https://github.com/log4js-node/log4js-node,8502,4158,331,9.0
165,https://github.com/rollup/rollup-plugin-json,307,111,1056,9.0
166,https://github.com/gtramontina/ghooks,547,270,1161,13.0
167,https://github.com/adriantoine/enzyme-to-json,1967,581,605,11.0
168,https://github.com/medikoo/cli-color,1619,867,745,6.0
169,https://github.com/ember-cli/ember-load-initializers,410,152,553,11.0
170,https://github.com/conventional-changelog/validate-commit-msg,1005,593,1063,12.0
171,https://github.com/lodash/babel-plugin-lodash,1561,1272,967,10.0
172,https://github.com/codeclimate/javascript-test-reporter,502,228,1106,5.0
173,https://github.com/isaacs/node-graceful-fs,1318,794,789,9.0
174,https://github.com/lorenwest/node-config,3972,1714,489,5.0
175,https://github.com/cainus/codecov.io,736,395,1628,5.0
176,https://github.com/isaacs/node-lru-cache,1321,900,674,9.0
177,https://github.com/moment/moment-timezone,844047,245128,666,11.0
178,https://github.com/xojs/eslint-config-xo-space,62,35,893,10.0
179,https://github.com/flipxfx/download-git-repo,305,157,731,7.0
180,https://github.com/danethurber/webpack-manifest-plugin,1597,530,907,12.0
181,https://github.com/AvianFlu/ncp,458,157,1939,4.0
182,https://github.com/mde/ejs,2640,1218,454,6.0
183,https://github.com/ReactTraining/history,3746,1680,725,10.0
184,https://github.com/giggio/node-chromedriver,528,295,448,6.0
185,https://github.com/mattlewis92/karma-coverage-istanbul-reporter,1185,417,731,10.0
186,https://github.com/postcss/postcss-url,1827,688,1018,8.0
187,https://github.com/rwjblue/ember-cli-inject-live-reload,270,149,174,10.0
188,https://github.com/postcss/postcss,3964,2153,276,4.0
189,https://github.com/angular/protractor,13073,5018,434,11.0
190,https://github.com/yeoman/yosay,394,244,1326,7.0
191,https://github.com/evanw/node-source-map-support,1528,625,338,12.0
192,https://github.com/semantic-release/semantic-release,6338,2575,286,10.0
193,https://github.com/peter-vilja/gulp-clean,247,131,1782,5.0
194,https://github.com/aseemk/requireDir,425,242,1917,5.0
195,https://github.com/justmoon/node-extend,757,356,338,7.0
196,https://github.com/winstonjs/winston,7659,3793,268,10.0
197,https://github.com/reduxjs/react-redux,4979,1964,299,10.0
198,https://github.com/sindresorhus/open,179,98,237,10.0
199,https://github.com/jmreidy/grunt-browserify,64773,31799,1113,10.0
200,https://github.com/ember-cli/ember-disable-prototype-extensions,396,164,1193,11.0
201,https://github.com/rollup/rollup-plugin-buble,72,35,419,9.0
202,https://github.com/ljharb/qs,3024,1585,191,8.0
203,https://github.com/vuejs/eslint-plugin-vue,30070,8063,351,10.0
204,https://github.com/gruntjs/grunt-contrib-copy,376,221,1353,11.0
205,https://github.com/webpack-contrib/karma-webpack,551,254,522,10.0
206,https://github.com/Medium/phantomjs,884,436,1080,8.0
207,https://github.com/lo1tuma/eslint-plugin-mocha,4372,1298,383,8.0
208,https://github.com/wycats/handlebars.js,12730,6222,559,11.0
209,https://github.com/kriskowal/q,9170,3692,1117,8.0
210,https://github.com/sindresorhus/jshint-stylish,104,68,1808,11.0
211,https://github.com/webpack/webpack-dev-server,17270,8356,315,10.0
212,https://github.com/jest-community/eslint-plugin-jest,6516,1114,362,10.0
213,https://github.com/visionmedia/superagent,12563,5552,406,9.0
214,https://github.com/gruntjs/grunt-contrib-clean,176,96,1218,11.0
215,https://github.com/mgechev/codelyzer,9123,3708,317,4.0
216,https://github.com/royriojas/eslint-friendly-formatter,569,210,619,8.0
217,https://github.com/caolan/async,22423,8180,388,9.0
218,https://github.com/nock/nock,13207,6502,289,9.0
219,https://github.com/webpack/json-loader,11,9,737,9.0
220,https://github.com/reduxjs/redux,9040,3336,287,10.0
221,https://github.com/gotwarlost/istanbul,14550,6236,1275,10.0
222,https://github.com/mysticatea/npm-run-all,4642,1928,516,9.0
223,https://github.com/jasmine/jasmine,33798,15169,95,9.0
224,https://github.com/koajs/koa,6292,3243,345,9.0
225,https://github.com/tj/commander.js,2497,1326,340,8.0
226,https://github.com/sinonjs/sinon,1717338,770757,311,10.0
227,https://github.com/facebook/prop-types,4904,1614,489,9.0
228,https://github.com/tj/co,950,366,1485,6.0
229,https://github.com/substack/watchify,1490,883,903,9.0
230,https://github.com/kentcdodds/cross-env,646,310,614,11.0
231,https://github.com/domenic/sinon-chai,2424,1170,1179,5.0
232,https://github.com/spalger/gulp-jshint,1176,683,473,11.0
233,https://github.com/webpack-contrib/source-map-loader,442,199,746,9.0
234,https://github.com/yargs/yargs,12572,5413,170,10.0
235,https://github.com/Realytics/fork-ts-checker-webpack-plugin,2460,1188,316,9.0
236,https://github.com/klei/gulp-inject,2323,1098,1119,11.0
237,https://github.com/webpack-contrib/file-loader,777,289,595,9.0
238,https://github.com/ember-cli/ember-cli-htmlbars-inline-precompile,1131,545,615,11.0
239,https://github.com/jinder/path,628,349,686,2.0
240,https://github.com/visionmedia/supertest,1632,750,816,8.0
241,https://github.com/expressjs/body-parser,3417,1551,725,8.0
242,https://github.com/karma-runner/karma-html2js-preprocessor,130,91,1885,9.0
243,https://github.com/petkaantonov/bluebird,43480,19745,357,9.0
244,https://github.com/standard/standard,212,129,212,7.0
245,https://github.com/jashkenas/underscore,11286,7099,739,11.0
246,https://github.com/isaacs/node-glob,3450,1932,683,9.0
247,https://github.com/dlmanning/gulp-sass,749,460,1111,11.0
248,https://github.com/standard/eslint-plugin-standard,2310,560,545,8.0
249,https://github.com/survivejs/webpack-merge,2805,912,733,11.0
250,https://github.com/sindresorhus/ora,601,362,82,10.0
251,https://github.com/rbuckton/reflect-metadata,2097,870,841,11.0
252,https://github.com/expressjs/express,17460,8522,532,5.0
253,https://github.com/styled-components/polished,34560,7139,370,10.0
254,https://github.com/sindresorhus/gulp-mocha,206,119,1275,10.0
255,https://github.com/eslint/eslint,312692,79454,260,9.0
256,https://github.com/babel/babel-preset-env,2534,746,748,11.0
257,https://github.com/karma-runner/karma-phantomjs-launcher,270,145,952,11.0
258,https://github.com/TypeStrong/ts-loader,164759,110763,341,9.0
259,https://github.com/aws/aws-sdk-js,332140,83798,257,10.0
260,https://github.com/istanbuljs/babel-plugin-istanbul,361,138,266,10.0
261,https://github.com/rollup/rollup-plugin-babel,683,254,423,9.0
262,https://github.com/babel/gulp-babel,243,127,444,7.0
263,https://github.com/aredridel/node-bin-gen,216,112,707,6.0
264,https://github.com/ember-cli/ember-cli-qunit,346,157,584,11.0
265,https://github.com/ember-template-lint/ember-cli-template-lint,1095,561,555,10.0
266,https://github.com/request/request,11643,5910,538,10.0
267,https://github.com/pagekit/vue-resource,6937,3502,636,10.0
268,https://github.com/stylelint/stylelint,114180,33919,234,9.0
269,https://github.com/ember-cli/loader.js,3349,1814,628,9.0
270,https://github.com/sindresorhus/grunt-shell,204,88,1071,11.0
271,https://github.com/tkellen/js-matchdep,178,101,1962,10.0
272,https://github.com/prettier/tslint-config-prettier,2,2,289,11.0
273,https://github.com/bripkens/connect-history-api-fallback,462,271,801,10.0
274,https://github.com/ant-design/babel-plugin-import,991,654,610,12.0
275,https://github.com/blakeembrey/tslint-config-standard,209,44,664,8.0
276,https://github.com/epeli/underscore.string,3866,2598,1472,6.0
277,https://github.com/bruce/node-temp,424,229,522,5.0
278,https://github.com/expressjs/compression,1006,475,488,10.0
279,https://github.com/webpack-contrib/istanbul-instrumenter-loader,137,58,657,11.0
280,https://github.com/yeoman/yeoman-test,1438,630,646,9.0
281,https://github.com/chriso/validator.js,14078,4386,383,10.0
282,https://github.com/janl/mustache.js,1773,810,912,12.0
283,https://github.com/Leonidas-from-XIV/node-xml2js,639,255,1096,8.0
284,https://github.com/robrich/gulp-if,455,327,1030,8.0
285,https://github.com/quaertym/ember-cli-dependency-checker,1134,607,862,11.0
286,https://github.com/indexzero/node-portfinder,982,434,910,4.0
287,https://github.com/jhnns/rewire,1778,933,535,6.0
288,https://github.com/jackfranklin/gulp-load-plugins,509,208,1253,7.0
289,https://github.com/Automattic/mongoose,106297,52027,250,9.0
290,https://github.com/litixsoft/karma-mocha-reporter,1487,712,972,11.0
291,https://github.com/senchalabs/connect,1035,515,550,8.0
292,https://github.com/webpack-contrib/raw-loader,159,60,561,10.0
293,https://github.com/mikaelbr/gulp-notify,1315,685,763,11.0
294,https://github.com/flatiron/prompt,2546,1212,1132,6.0
295,https://github.com/TypeStrong/TypeDoc,228,111,346,10.0
296,https://github.com/isaacs/minimatch,1664,876,931,10.0
297,https://github.com/dominictarr/through,415,287,2015,3.0
298,https://github.com/sindresorhus/gulp-autoprefixer,139,70,1315,10.0
299,https://github.com/yeoman/update-notifier,382,213,756,10.0
300,https://github.com/sindresorhus/grunt-eslint,109,51,1071,11.0
301,https://github.com/ember-cli/ember-cli-htmlbars,879,438,674,11.0
302,https://github.com/dominictarr/event-stream,1561,919,908,6.0
303,https://github.com/github/fetch,2266,912,638,10.0
304,https://github.com/webpack/loader-utils,1597,465,752,12.0
305,https://github.com/jsdoc2md/jsdoc-to-markdown,787,249,892,6.0
306,https://github.com/bestiejs/benchmark.js,5933,2356,899,11.0
307,https://github.com/ember-cli/ember-export-application-global,436,219,1331,11.0
308,https://github.com/gruntjs/grunt-contrib-coffee,925,410,1146,11.0
309,https://github.com/broofa/node-uuid,302,224,1243,8.0
310,https://github.com/kulshekhar/ts-jest,684,2004,271,10.0
311,https://github.com/jshttp/http-errors,575,359,239,8.0
312,https://github.com/karma-runner/karma-jasmine,1247,602,323,9.0
313,https://github.com/substack/node-optimist,1395,632,2164,5.0
314,https://github.com/chalk/chalk,977,606,441,9.0
315,https://github.com/webpack-contrib/css-loader,2657,1180,425,10.0
316,https://github.com/juliangruber/tape-run,201,126,497,13.0
317,https://github.com/vuejs/vue-style-loader,591,294,863,12.0
318,https://github.com/karma-runner/karma-cli,53,17,594,9.0
319,https://github.com/npm/node-semver,3233,1322,615,9.0
320,https://github.com/bendrucker/sinon-as-promised,212,122,1472,6.0
321,https://github.com/jquery/jquery,80136,37388,325,9.0
322,https://github.com/taptapship/wiredep,13112,6540,1558,8.0
323,https://github.com/shootaroo/jit-grunt,476,245,1768,11.0
324,https://github.com/slushjs/gulp-conflict,506,240,1763,5.0
325,https://github.com/shelljs/shelljs,10240,6716,404,9.0
326,https://github.com/shouldjs/should.js,9634,3573,572,12.0
327,https://github.com/xjamundx/eslint-plugin-promise,2218,767,448,12.0
328,https://github.com/pillarjs/finalhandler,986,419,457,8.0
329,https://github.com/facebook/draft-js,32900,10221,281,11.0
330,https://github.com/kelektiv/node-uuid,890,581,503,8.0
331,https://github.com/caolan/forms,4635,2322,1304,7.0
332,https://github.com/node-js-libs/cli,1259,498,674,4.0
333,https://github.com/okonet/lint-staged,3057,1228,344,10.0
334,https://github.com/fishbar/jscoverage,2073,866,2020,8.0
335,https://github.com/avajs/eslint-plugin-ava,4477,1395,663,10.0
336,https://github.com/discordjs/discord.js,18888,6121,140,10.0
337,https://github.com/calvinmetcalf/rollup-plugin-node-globals,507,255,754,11.0
338,https://github.com/twbs/bootstrap,39746,20284,270,9.0
339,https://github.com/sindresorhus/del,178,89,743,10.0
340,https://github.com/kimmobrunfeldt/chokidar-cli,406,193,1380,9.0
341,https://github.com/gulpjs/fancy-log,269,183,133,7.0
342,https://github.com/substack/text-table,243,108,2131,5.0
343,https://github.com/nickmerwin/node-coveralls,1996,1010,655,8.0
344,https://github.com/visionmedia/connect-redis,614,344,696,6.0
345,https://github.com/jprichardson/node-fs-extra,9416,6012,399,8.0
346,https://github.com/ALMaclaine/replace,659,283,398,7.0
347,https://github.com/babel/babel-loader,1617,601,415,9.0
348,https://github.com/nuysoft/Mock,19697,4744,1615,11.0
349,https://github.com/Unitech/pm2,28009,13244,291,9.0
350,https://github.com/zenorocha/clipboard.js,1785,900,601,9.0
351,https://github.com/mlucool/gulp-jsdoc3,474,216,865,11.0
352,https://github.com/tjunnone/npm-check-updates,2982,1350,520,10.0
353,https://github.com/webpack-contrib/script-loader,51,20,1482,9.0
354,https://github.com/feross/safe-buffer,163,87,989,8.0
355,https://github.com/karma-runner/karma-chrome-launcher,541,238,784,11.0
356,https://github.com/chartjs/Chart.js,40212,16487,307,9.0
357,https://github.com/apollographql/graphql-tools,50,8,296,10.0
358,https://github.com/defunctzombie/zuul,18961,8104,1122,11.0
359,https://github.com/evcohen/eslint-plugin-jsx-a11y,12195,2741,307,9.0
360,https://github.com/sindresorhus/gulp-zip,297,157,1704,10.0
361,https://github.com/prettier/eslint-config-prettier,1103,373,696,13.0
362,https://github.com/shama/webpack-stream,562,293,439,10.0
363,https://github.com/shama/gulp-webpack,562,293,439,10.0
364,https://github.com/substack/node-mkdirp,596,442,1136,7.0
365,https://github.com/contra/gulp-concat,299,155,950,11.0
366,https://github.com/isaacs/node-touch,933,585,1951,10.0
367,https://github.com/webpack/webpack-cli,5244,2426,262,10.0
368,https://github.com/gulp-sourcemaps/gulp-sourcemaps,2312,1157,899,11.0
369,https://github.com/prettier/eslint-plugin-prettier,441,187,437,8.0
370,https://github.com/karma-runner/karma-mocha,1170,578,1019,11.0
371,https://github.com/reactivex/rxjs,13748,6939,261,9.0
372,https://github.com/coolme200/webstorm-disable-index,405,269,826,11.0
373,https://github.com/dreamerslab/node.inflection,1357,488,803,5.0
374,https://github.com/domenic/opener,76,43,1450,6.0
375,https://github.com/npm/validate-npm-package-name,214,101,740,10.0
376,https://github.com/node-modules/detect-port,359,189,851,11.0
377,https://github.com/contra/gulp-cached,229,149,879,5.0
378,https://github.com/nathanboktae/mocha-phantomjs,264,132,1329,5.0
379,https://github.com/isaacs/read,329,166,1422,7.0
380,https://github.com/gulpjs/gulp-cli,4832,2722,814,9.0
381,https://github.com/browserify/browserify,6557,4333,460,10.0
382,https://github.com/sindresorhus/slash,28,16,2085,10.0
383,https://github.com/webpack-contrib/grunt-webpack,1065,542,749,9.0
384,https://github.com/erikras/redux-form,45699,14543,379,9.0
385,https://github.com/sass/node-sass,6733,2895,357,7.0
386,https://github.com/webpack-contrib/style-loader,2023,917,557,11.0
387,https://github.com/gulpjs/gulp-util,859,569,1510,6.0
388,https://github.com/visionmedia/bytes.js,424,260,189,8.0
389,https://github.com/ljharb/object.assign,538,353,0,8.0
390,https://github.com/indutny/elliptic,17983,10134,1157,11.0
391,https://github.com/debitoor/chai-subset,303,86,925,6.0
392,https://github.com/sindresorhus/user-home,11,11,1185,5.0
393,https://github.com/TypeStrong/tsify,1684,921,497,10.0
394,https://github.com/gruntjs/grunt-contrib-concat,780,416,1352,10.0
395,https://github.com/59naga/babel-plugin-add-module-exports,586,177,1061,10.0
396,https://github.com/gruntjs/grunt-contrib-uglify,1060,388,474,11.0
397,https://github.com/sindresorhus/meow,377,156,36,10.0
398,https://github.com/observing/pre-commit,744,425,306,5.0
399,https://github.com/chrisdickinson/raf,143,75,1308,6.0
400,https://github.com/indexzero/http-server,301,109,225,12.0
401,https://github.com/jsdoc3/jsdoc,34275,17302,634,11.0
402,https://github.com/less/less.js,29914,13526,517,11.0
403,https://github.com/chimurai/http-proxy-middleware,766,337,517,10.0
404,https://github.com/karma-runner/karma,16606,9535,308,9.0
405,https://github.com/stringparser/runtime,1101,582,1290,5.0
406,https://github.com/jscs-dev/node-jscs,57142,22032,1252,9.0
407,https://github.com/axios/axios,7502,3498,419,10.0
408,https://github.com/expressjs/cors,1207,675,625,9.0
409,https://github.com/webpack-contrib/url-loader,529,192,482,9.0
410,https://github.com/jasmine/jasmine-npm,2260,1235,57,11.0
411,https://github.com/gruntjs/grunt-cli,122,65,1136,10.0
412,https://github.com/hughsk/vinyl-source-stream,88,57,1859,7.0
413,https://github.com/rollup/rollup-plugin-commonjs,2549,1410,476,9.0
414,https://github.com/rvagg/through2,497,339,855,9.0
415,https://github.com/domenic/chai-as-promised,1928,743,1183,5.0
416,https://github.com/kimmobrunfeldt/concurrently,2220,1236,672,12.0
417,https://github.com/gruntjs/grunt-contrib-nodeunit,556,339,1332,9.0
418,https://github.com/bcaudan/jasmine-spec-reporter,110,44,347,8.0
419,https://github.com/cheeriojs/cheerio,7606,4208,392,6.0
420,https://github.com/nodeca/js-yaml,11015,7059,707,6.0
421,https://github.com/then/promise,1766,811,1239,8.0
422,https://github.com/webpack/webpack-dev-middleware,2708,1150,386,10.0
423,https://github.com/socketio/socket.io,6112,3229,678,9.0
424,https://github.com/sindresorhus/object-assign,290,135,1407,11.0
425,https://github.com/standard/eslint-config-standard,31,24,360,7.0
426,https://github.com/typings/typings,76,19,978,7.0
427,https://github.com/request/request-promise,520,313,902,11.0
428,https://github.com/tapjs/node-tap,16588,8630,479,8.0
429,https://github.com/expressjs/morgan,1999,885,570,7.0
430,https://github.com/liady/webpack-node-externals,595,280,961,12.0
431,https://github.com/vuejs/vue-router,14451,6281,306,10.0
432,https://github.com/BrowserSync/browser-sync,44670,18559,624,9.0
433,https://github.com/ivogabe/gulp-typescript,2348,1249,557,11.0
434,https://github.com/SBoudrias/gulp-istanbul,727,403,686,11.0
435,https://github.com/commitizen/cz-conventional-changelog,146,74,256,11.0
436,https://github.com/TrySound/rollup-plugin-uglify,183,89,886,10.0
437,https://github.com/webpack-contrib/extract-text-webpack-plugin,1319,497,717,11.0
438,https://github.com/rollup/rollup-plugin-node-resolve,1335,509,456,9.0
439,https://github.com/maxogden/concat-stream,396,256,786,6.0
440,https://github.com/sindresorhus/load-grunt-tasks,55,35,1491,11.0
441,https://github.com/postcss/postcss-import,1173,479,313,11.0
442,https://github.com/adametry/gulp-eslint,2109,1015,673,11.0
443,https://github.com/floatdrop/gulp-watch,733,429,1305,10.0
444,https://github.com/mlex/karma-spec-reporter,672,345,1140,6.0
445,https://github.com/xojs/xo,2152,1073,361,10.0
446,https://github.com/react-component/rc-tools,5340,2492,319,9.0
447,https://github.com/douglasduteil/isparta,1224,533,1359,11.0
448,https://github.com/floatdrop/gulp-plumber,522,291,1582,11.0
449,https://github.com/jantimon/html-webpack-plugin,8365,3729,310,12.0
450,https://github.com/johnagan/clean-webpack-plugin,492,196,602,10.0
451,https://github.com/benmosher/eslint-plugin-import,16456,5058,321,9.0
452,https://github.com/arcanis/pnp-webpack-plugin,209,95,147,12.0
453,https://github.com/gruntjs/grunt,4463,2493,775,11.0
454,https://github.com/yeoman/generator,4732,2049,540,9.0
455,https://github.com/stylus/stylus,16437,6060,407,8.0
456,https://github.com/gaearon/react-hot-loader,12758,5071,305,9.0
457,https://github.com/JedWatson/classnames,694,339,75,8.0
458,https://github.com/rollup/rollup-plugin-replace,420,197,1167,9.0
459,https://github.com/hughsk/vinyl-buffer,54,33,1816,4.0
460,https://github.com/niksy/throttle-debounce,569,316,1569,10.0
461,https://github.com/webpack-contrib/eslint-loader,1355,609,746,9.0
462,https://github.com/webpack-contrib/html-loader,456,174,940,9.0
463,https://github.com/styleguidist/react-styleguidist,25705,6577,293,10.0
464,https://github.com/thlorenz/proxyquire,1709,957,503,8.0
465,https://github.com/jshint/jshint,124684,44172,408,9.0
466,https://github.com/lazd/gulp-replace,467,235,1366,4.0
467,https://github.com/karma-runner/karma-coverage,679,383,853,11.0
468,https://github.com/M-Zuber/npm-watch,186,132,659,10.0
469,https://github.com/scottcorgan/tap-spec,383,241,1538,7.0
470,https://github.com/yeoman/configstore,247,146,871,10.0
471,https://github.com/sshev/karma-remap-coverage,45,24,675,6.0
472,https://github.com/bgrins/TinyColor,13795,7082,1316,8.0
473,https://github.com/svg/svgo,13083,4805,505,6.0
474,https://github.com/evilstreak/markdown-js,2982,1431,1738,5.0
475,https://github.com/moment/moment,182300,90337,550,9.0
476,https://github.com/thlorenz/exorcist,550,354,1427,6.0
477,https://github.com/jsoverson/grunt-env,361,166,1628,6.0
478,https://github.com/andyearnshaw/Intl.js,13616,8901,902,10.0
479,https://github.com/egoist/bili,182,74,390,9.0
480,https://github.com/Level/level,67,48,427,11.0
481,https://github.com/klughammer/node-randomstring,220,129,1732,4.0
482,https://github.com/twbs/bootstrap-sass,5244,3552,122,8.0
483,https://github.com/taylorhakes/promise-polyfill,1101,486,518,11.0
484,https://github.com/visionmedia/debug,970,403,570,10.0
485,https://github.com/spion/blue-tape,175,71,1420,8.0
486,https://github.com/gajus/eslint-plugin-jsdoc,5399,1147,154,10.0
487,https://github.com/Level/levelup,3532,1825,434,11.0
488,https://github.com/TypeStrong/ts-node,11,9,386,5.0
489,https://github.com/component/debounce,240,179,2057,8.0
490,https://github.com/frostney/rollup-plugin-alias,330,150,769,11.0
491,https://github.com/toastynerd/webpack_env,62,38,1275,12.0
492,https://github.com/dcodeIO/protobuf.js,57850,21278,624,11.0
493,https://github.com/boblauer/mock-require,364,239,458,6.0
494,https://github.com/ndmitry/grunt-autoprefixer,476,231,1746,10.0
495,https://github.com/harthur/nomnom,1171,555,2093,10.0
496,https://github.com/reactjs/react-docgen,14912,4563,413,10.0
497,https://github.com/valeriangalliat/markdown-it-anchor,208,110,1211,8.0
498,https://github.com/marcules/karma-remap-istanbul,372,171,1025,11.0
499,https://github.com/simplabs/qunit-dom,323,140,286,11.0
500,https://github.com/intellicode/eslint-plugin-react-native,3182,693,356,8.0
501,https://github.com/Microsoft/tslint-microsoft-contrib,684,339,246,2.0
502,https://github.com/yahoo/react-intl,5147,2089,692,10.0
503,https://github.com/expressjs/errorhandler,615,269,1048,8.0
504,https://github.com/adaltas/node-csv,132,63,170,4.0
505,https://github.com/estools/estraverse,7857,3551,1493,11.0
506,https://github.com/andreypopp/reactify,2287,2154,1857,6.0
507,https://github.com/samverschueren/uppercamelcase,44,39,1455,10.0
508,https://github.com/calvinmetcalf/rollup-plugin-node-builtins,13500,7655,1111,10.0
509,https://github.com/slushjs/gulp-install,811,494,1021,8.0
510,https://github.com/elastic/elasticsearch-js,46964,20056,327,8.0
511,https://github.com/sindresorhus/strip-json-comments,149,105,1424,10.0
512,https://github.com/kevinbeaty/fs-promise,268,101,1157,5.0
513,https://github.com/ape-repo/ape-releasing,317,177,1128,5.0
514,https://github.com/nfroidure/gulp-streamify,425,211,1710,6.0
515,https://github.com/helmetjs/helmet,364,247,626,8.0
516,https://github.com/tschaub/grunt-newer,2029,849,1072,11.0
517,https://github.com/feross/buffer,8672,5818,403,11.0
518,https://github.com/JedWatson/react-select,16822,4601,279,10.0
519,https://github.com/christkv/node-git,12844,8274,2120,10.0
520,https://github.com/isaacs/once,133,80,922,9.0
521,https://github.com/gulpjs/plugin-error,406,250,1351,11.0
522,https://github.com/firstandthird/load-grunt-config,1070,544,1376,9.0
523,https://github.com/gruntjs/grunt-contrib-compress,858,348,1112,10.0
524,https://github.com/chaijs/chai-http,7555,3058,508,11.0
525,https://github.com/louischatriot/nedb,33664,16116,1470,3.0
526,https://github.com/gajus/to-string-loader,25,10,832,2.0
527,https://github.com/tcoopman/image-webpack-loader,303,113,479,12.0
528,https://github.com/apache/incubator-echarts,564719,260111,294,7.0
529,https://github.com/eslint/eslint-plugin-markdown,1722,619,1082,9.0
530,https://github.com/intesso/connect-livereload,1888,955,1497,5.0
531,https://github.com/kentcdodds/react-testing-library,1536,626,172,11.0
532,https://github.com/Rowno/grunt-mocha-cli,537,239,1450,11.0
533,https://github.com/Qard/onchange,393,242,377,5.0
534,https://github.com/unclechu/node-deep-extend,418,207,692,4.0
535,https://github.com/visionmedia/nib,490,1363,1751,8.0
536,https://github.com/EvanOxfeld/node-unzip,591,289,2408,6.0
537,https://github.com/eggjs/egg-mock,6041,2545,448,10.0
538,https://github.com/Stuk/jszip,19385,11239,943,11.0
539,https://github.com/apollostack/graphql-tag,1129,521,419,7.0
540,https://github.com/sindresorhus/gulp-template,250,137,863,11.0
541,https://github.com/sindresorhus/escape-string-regexp,20,10,1734,10.0
542,https://github.com/nfl/react-helmet,8237,3494,736,11.0
543,https://github.com/robrich/gulp-rimraf,481,301,1837,5.0
544,https://github.com/stevelacy/gulp-stylus,408,241,1284,8.0
545,https://github.com/angular/tsickle,6966,3442,314,6.0
546,https://github.com/inxilpro/node-app-root-path,306,185,1456,9.0
547,https://github.com/airbnb/babel-preset-airbnb,81,23,219,7.0
548,https://github.com/js-cookie/js-cookie,1702,920,350,10.0
549,https://github.com/okunishinishi/node-injectmock,301,147,1322,7.0
550,https://github.com/vuejs/vue-template-es2015-compiler,126,43,539,12.0
551,https://github.com/felixge/node-formidable,3083,1705,781,5.0
552,https://github.com/cloudhead/node-static,964,379,1585,5.0
553,https://github.com/jonschlinkert/gulp-htmlmin,170,99,1323,10.0
554,https://github.com/dominictarr/split,357,224,478,5.0
555,https://github.com/awslabs/aws-cdk,1010,563,256,8.0
556,https://github.com/bigeasy/register,796,421,2206,5.0
557,https://github.com/babel/eslint-plugin-babel,3778,881,383,6.0
558,https://github.com/bitinn/node-fetch,4813,2195,435,9.0
559,https://github.com/devongovett/browserify-istanbul,148,90,542,9.0
560,https://github.com/armed/gulp-flatten,293,182,798,11.0
561,https://github.com/sindresorhus/find-up,292,160,1160,10.0
562,https://github.com/wheresrhys/fetch-mock,4939,2056,321,9.0
563,https://github.com/eslint/typescript-eslint-parser,2632,1302,284,12.0
564,https://github.com/cucumber/cucumber-js,75795,30077,334,9.0
565,https://github.com/sindresorhus/grunt-sass,170,88,847,11.0
566,https://github.com/substack/minimist,1005,509,2092,7.0
567,https://github.com/terinjokes/gulp-uglify,679,392,923,6.0
568,https://github.com/lovell/sharp,14315,6942,109,9.0
569,https://github.com/avajs/ava,17935,9170,306,9.0
570,https://github.com/mysticatea/eslint-plugin-node,20611,1897,271,9.0
571,https://github.com/amilajack/eslint-plugin-compat,1315,331,295,10.0
572,https://github.com/hparra/gulp-rename,544,290,1438,11.0
573,https://github.com/btford/grunt-conventional-changelog,410,186,1936,11.0
574,https://github.com/webpack-contrib/webpack-hot-middleware,1829,719,408,10.0
575,https://github.com/yannickcr/eslint-plugin-react,58852,14203,263,6.0
576,https://github.com/mochajs/mocha,27520,11571,320,10.0
577,https://github.com/substack/testling,482,269,2122,6.0
578,https://github.com/FormidableLabs/webpack-dashboard,1995,948,580,9.0
579,https://github.com/googlechrome/workbox,18859,6924,278,11.0
580,https://github.com/wdavidw/node-csv-parse,2637,1272,31,10.0
581,https://github.com/michaelleeallen/mocha-junit-reporter,1147,642,959,7.0
582,https://github.com/ludohenin/gulp-inline-ng2-template,1609,645,326,9.0
583,https://github.com/jshttp/methods,190,76,790,5.0
584,https://github.com/gajus/eslint-plugin-flowtype,10878,2753,349,10.0
585,https://github.com/gruntjs/grunt-contrib-watch,2172,1166,862,11.0
586,https://github.com/sindresorhus/get-port,197,101,1393,10.0
587,https://github.com/typicode/husky,109,75,371,11.0
588,https://github.com/miickel/gulp-angular-templatecache,687,348,736,8.0
589,https://github.com/js-cli/js-liftoff,2316,1059,1046,9.0
590,https://github.com/hustxiaoc/gulp-minify,274,181,1079,11.0
591,https://github.com/webpack-contrib/sass-loader,1665,701,344,9.0
592,https://github.com/schickling/gulp-webserver,712,339,1715,9.0
593,https://github.com/istanbuljs/nyc,6075,2829,337,10.0
594,https://github.com/tschaub/gh-pages,1010,345,513,8.0
595,https://github.com/sindresorhus/vinyl-paths,54,36,1307,10.0
596,https://github.com/caitp/karma-coveralls,394,197,1401,11.0
597,https://github.com/postcss/autoprefixer,9484,3772,322,5.0
598,https://github.com/pillarjs/router,3906,2189,651,6.0
599,https://github.com/SheetJS/js-xlsx,150093,86432,412,7.0
600,https://gitlab.com/philbooth/bfj,12112,6108,482,6.0
601,https://github.com/Marak/colors.js,1101,521,330,6.0
602,https://github.com/gruntjs/grunt-contrib-jshint,555,311,991,11.0
603,https://github.com/patrick-steele-idem/child-process-promise,804,475,1562,11.0
604,https://github.com/gulpjs/gulp,540,366,600,10.0
605,https://github.com/motdotla/dotenv,1039,427,386,11.0
606,https://github.com/darkguy2008/parallelshell,141,73,653,5.0
607,https://github.com/webpack/webpack-sources,1391,723,623,8.0
608,https://github.com/palantir/tslint,186,92,293,8.0
609,https://github.com/sindresorhus/get-stdin,95,56,509,10.0
610,https://github.com/clenemt/docdash,3650,1169,438,10.0
611,https://github.com/ciaranj/node-oauth,2899,1207,-135,2.0
612,https://github.com/OverZealous/run-sequence,513,295,916,11.0
613,https://github.com/isaacs/json-stringify-safe,273,180,976,7.0
614,https://github.com/ritz078/rollup-plugin-filesize,133,53,664,11.0
615,https://github.com/pksunkara/inflect,1396,636,-422,2.0
616,https://github.com/prodatakey/dirty-chai,418,198,557,9.0
617,https://github.com/unshiftio/url-parse,1433,851,329,8.0
618,https://github.com/sindresorhus/grunt-concurrent,277,145,1686,10.0
619,https://github.com/producthunt/chai-enzyme,2737,932,887,11.0
620,https://github.com/googleapis/google-api-nodejs-client,12922,2081,267,10.0
621,https://github.com/sindresorhus/gulp-jasmine,251,138,1367,10.0
622,https://github.com/rschmukler/gulp-insert,538,252,1894,9.0
623,https://github.com/coz-labo/coz,1225,576,479,9.0
624,https://github.com/avoidwork/filesize.js,770,533,882,11.0
625,https://github.com/JacksonGariety/gulp-nodemon,168,90,202,10.0
626,https://github.com/ape-repo/ape-tmpl,754,339,598,9.0
627,https://github.com/substack/json-stable-stringify,342,230,2037,2.0
628,https://github.com/prettier/prettier-eslint-cli,1521,550,744,11.0
629,https://github.com/TrySound/rollup-plugin-eslint,226,90,1141,10.0
630,https://github.com/prettier/prettier-eslint,1772,596,713,11.0
631,https://github.com/maxogden/dependency-check,392,210,744,10.0
632,https://github.com/chancejs/chancejs,19126,5683,667,11.0
633,https://github.com/webpack/memory-fs,1022,547,1245,6.0
634,https://github.com/floor/material,6866,3217,520,10.0
635,https://github.com/theturtle32/WebSocket-Node,4900,2644,849,6.0
636,https://github.com/indexzero/node-pkginfo,329,174,-756,4.0
637,https://github.com/cthackers/adm-zip,2263,1010,175,4.0
638,https://github.com/sindresorhus/gzip-size,119,65,1309,10.0
639,https://github.com/shinnn/gulp-gh-pages,513,224,1257,8.0
640,https://github.com/expressjs/method-override,339,138,278,7.0
641,https://github.com/rollup/rollup-plugin-typescript,547,247,1001,9.0
642,https://github.com/mysticatea/cpx,3570,1174,1046,10.0
643,https://github.com/broccolijs/broccoli-merge-trees,98,57,788,9.0
644,https://github.com/tj/consolidate.js,2237,1169,876,10.0
645,https://github.com/steveukx/git-js,6146,2970,298,10.0
646,https://github.com/thlorenz/browserify-shim,2298,1332,1370,8.0
647,https://github.com/azz/pretty-quick,963,398,462,11.0
648,https://github.com/substack/js-traverse,1503,834,2421,2.0
649,https://github.com/hughsk/envify,277,136,967,6.0
650,https://github.com/luin/ioredis,7558,3213,334,11.0
651,https://github.com/reduxjs/reselect,539,274,292,11.0
652,https://github.com/vuejs/rollup-plugin-vue,313,110,326,10.0
653,https://github.com/eggjs/egg-bin,2500,1304,476,10.0
654,https://github.com/clutchski/coffeelint,6,7,1117,4.0
655,https://github.com/eddyerburgh/vue-jest,1717,797,519,9.0
656,https://github.com/benjamn/install,1700,858,388,4.0
657,https://github.com/ape-repo/ape-updating,308,170,1128,7.0
658,https://github.com/kelektiv/node.bcrypt.js,1039,540,283,10.0
659,https://github.com/Macil/flow-copy-source,145,74,435,12.0
660,https://github.com/progre/tslint-config-airbnb,109,4,699,10.0
661,https://github.com/azeemba/eslint-plugin-json,255,118,259,6.0
662,https://github.com/dominictarr/JSONStream,1240,710,928,4.0
663,https://github.com/sindresorhus/gulp-changed,210,102,1430,10.0
664,https://github.com/sindresorhus/pretty-bytes,133,90,1425,10.0
665,https://github.com/eggjs/egg,14266,6646,170,11.0
666,https://github.com/hij1nx/EventEmitter2,3978,2572,472,10.0
667,https://github.com/deepak1556/gulp-browserify,4673,2215,1887,9.0
668,https://github.com/75lb/command-line-args,4956,1565,614,6.0
669,https://github.com/krampstudio/grunt-jsdoc,509,237,1344,11.0
670,https://github.com/zilverline/react-tap-event-plugin,554,208,1688,6.0
671,https://github.com/kpdecker/jsdiff,5635,2841,365,11.0
672,https://github.com/restify/node-restify,24274,10954,370,10.0
673,https://github.com/shelljs/shx,878,512,670,9.0
674,https://github.com/ape-repo/ape-tasking,273,157,1128,9.0
675,https://github.com/jharding/grunt-exec,722,375,1010,9.0
676,https://github.com/npm/nopt,823,350,76,9.0
677,https://github.com/rizowski/eslint-watch,1135,537,536,9.0
678,https://github.com/bkonkle/babel-preset-es2015-loose,51,24,886,6.0
679,https://github.com/karma-runner/karma-requirejs,207,118,1115,11.0
680,https://github.com/gruntjs/grunt-contrib-jasmine,1079,512,1060,10.0
681,https://github.com/release-it/release-it,3947,2223,191,10.0
682,https://github.com/reactjs/react-transition-group,4133,1251,367,3.0
683,https://github.com/mozilla/nunjucks,33321,16884,445,9.0
684,https://github.com/johnpapa/lite-server,259,156,768,9.0
685,https://github.com/mobxjs/mobx,13366,7846,263,12.0
686,https://github.com/webpack-contrib/terser-webpack-plugin,4610,1929,243,10.0
687,https://github.com/squaremo/amqp.node,7565,3903,159,7.0
688,https://github.com/developit/preact,18720,8694,259,9.0
689,https://github.com/jergason/recursive-readdir,497,172,1261,4.0
690,https://github.com/webpack-contrib/expose-loader,187,70,514,9.0
691,https://github.com/zeit/serve,420,221,401,6.0
692,https://github.com/sindresorhus/gulp-size,253,154,1803,11.0
693,https://github.com/reactjs/react-router-redux,1200,486,894,11.0
694,https://github.com/npm/node-tar,25158,13126,562,9.0
695,https://github.com/codemirror/CodeMirror,70773,33783,177,10.0
696,https://github.com/hubotio/hubot,5427,3347,567,12.0
697,https://github.com/sindresorhus/camelcase,200,159,13,10.0
698,https://github.com/tgriesser/knex,45203,13235,201,9.0
699,https://github.com/petehunt/jsx-loader,28,17,1687,6.0
700,https://github.com/chaijs/chai,32959,12024,407,10.0
701,https://github.com/cryptocoinjs/bs58,45,27,1575,8.0
702,https://github.com/selaux/eslint-plugin-filenames,799,162,1025,6.0
703,https://github.com/kelektiv/node-cron,2293,1380,231,7.0
704,https://github.com/rafeca/prettyjson,684,343,1218,6.0
705,https://github.com/dominictarr/map-stream,488,292,2264,5.0
706,https://github.com/mscdex/ssh2,7135,3228,718,3.0
707,https://github.com/commissure/redbox-react,1064,392,755,11.0
708,https://github.com/ElementUI/babel-plugin-component,788,571,946,11.0
709,https://github.com/benbria/coffee-coverage,27,8,790,12.0
710,https://github.com/isaacs/rimraf,858,482,530,9.0
711,https://github.com/sindresorhus/opn-cli,67,31,158,10.0
712,https://github.com/pocesar/grunt-mocha-istanbul,446,187,1026,11.0
713,https://github.com/jashkenas/docco,386,253,716,3.0
714,https://github.com/compodoc/compodoc,2555,3694,322,9.0
715,https://github.com/aexmachina/ember-cli-sass,465,193,522,11.0
716,https://github.com/tdegrunt/jsonschema,4332,1544,708,5.0
717,https://github.com/nodeca/argparse,7517,4225,1240,10.0
718,https://github.com/ape-repo/ape-reporting,268,142,1180,7.0
719,https://github.com/vkadam/grunt-jsbeautifier,908,478,1850,9.0
720,https://github.com/arnaudbenard/redux-mock-store,349,172,453,11.0
721,https://github.com/jfromaniello/url-join,218,111,2007,5.0
722,https://github.com/markdown-it/markdown-it-container,422,286,1490,8.0
723,https://github.com/mariocasciaro/object-path,1291,751,1159,6.0
724,https://github.com/isaacs/sax-js,4264,1275,662,10.0
725,https://github.com/bublejs/buble,15335,6497,492,10.0
726,https://github.com/thlorenz/doctoc,1080,395,1019,9.0
727,https://github.com/koajs/compose,427,191,1038,12.0
728,https://github.com/broccolijs/broccoli-funnel,1801,808,860,7.0
729,https://github.com/gruntjs/grunt-contrib-sass,287,154,1349,11.0
730,https://github.com/json5/json5,2979,1283,896,10.0
731,https://github.com/yiminghe/async-validator,2688,771,666,10.0
732,https://github.com/yuanchuan/node-watch,1324,605,172,4.0
733,https://github.com/image-size/image-size,1321,591,527,8.0
734,https://github.com/mobxjs/mobx-react,5297,2001,309,9.0
735,https://github.com/postcss/postcss-safe-parser,145,79,1304,9.0
736,https://github.com/ember-cli/ember-welcome-page,562,248,518,11.0
737,https://github.com/QingWei-Li/vue-markdown-loader,245,106,759,10.0
738,https://github.com/nodejs/node-gyp,3794,1907,552,6.0
739,https://github.com/SitePen/remap-istanbul,2487,1126,134,11.0
740,https://github.com/redux-utilities/redux-actions,2215,799,481,9.0
741,https://github.com/pull-stream/pull-stream,1861,972,858,4.0
742,https://github.com/jest-community/jest-junit,683,362,451,12.0
743,https://github.com/sindresorhus/gulp-rev,499,247,906,11.0
744,https://github.com/kristerkari/stylelint-scss,21849,5908,355,9.0
745,https://github.com/wavded/babel-tape-runner,9,6,1289,12.0
746,https://github.com/blakeembrey/change-case,168,128,476,9.0
747,https://github.com/adamwdraper/Numeral-js,9724,3663,1812,11.0
748,https://github.com/webpack-contrib/coffee-loader,43,24,1335,9.0
749,https://github.com/Automattic/node-canvas,7999,5709,172,9.0
750,https://github.com/Kagami/gulp-ng-annotate,195,118,1665,8.0
751,https://github.com/styled-components/babel-plugin-styled-components,2023,913,480,11.0
752,https://github.com/sindresorhus/boxen,503,204,325,10.0
753,https://github.com/kevva/download,236,94,1232,10.0
754,https://github.com/sidorares/node-mysql2,71219,20372,326,9.0
755,https://github.com/pillarjs/send,2608,973,452,8.0
756,https://github.com/pegjs/pegjs,16176,8560,418,7.0
757,https://github.com/koajs/static,505,249,333,7.0
758,https://github.com/adamreisnz/replace-in-file,1602,647,652,11.0
759,https://github.com/sindresorhus/gulp-debug,195,97,1563,10.0
760,https://github.com/sindresorhus/path-exists,35,14,170,10.0
761,https://github.com/postcss/postcss-nested,341,117,707,5.0
762,https://github.com/jmcriffey/babel-istanbul,14611,6275,1212,11.0
763,https://github.com/indutny/bn.js,6014,3290,844,8.0
764,https://github.com/machty/ember-maybe-import-regenerator,314,146,1034,11.0
765,https://github.com/karma-runner/karma-ie-launcher,411,210,1381,11.0
766,https://github.com/Flet/semistandard,117,76,800,7.0
767,https://github.com/webpack-contrib/exports-loader,187,71,435,9.0
768,https://github.com/jonschlinkert/gulp-format-md,373,204,778,6.0
769,https://github.com/koajs/bodyparser,460,187,1159,5.0
770,https://github.com/jonathantneal/precss,82,23,1014,10.0
771,https://github.com/jindw/xmldom,3692,1892,21,2.0
772,https://github.com/Qix-/color,1148,515,1109,11.0
773,https://github.com/reworkcss/css,1623,808,1710,4.0
774,https://github.com/LeaVerou/prism,16018,6222,8,11.0
775,https://github.com/karma-runner/karma-junit-reporter,560,291,1104,11.0
776,https://github.com/mridgway/hoist-non-react-statics,436,179,422,11.0
777,https://github.com/estools/escodegen,126664,49519,571,11.0
778,https://github.com/docstrap/docstrap,6145,2281,897,9.0
779,https://github.com/form-data/form-data,2167,1409,900,6.0
780,https://github.com/jaredhanson/passport-local,656,338,1507,4.0
781,https://github.com/clessg/progress-bar-webpack-plugin,82,59,1010,3.0
782,https://github.com/gruntjs/grunt-contrib-qunit,763,407,967,9.0
783,https://github.com/cibernox/ember-disable-proxy-controllers,324,123,1244,11.0
784,https://github.com/isaacs/ini,323,177,510,10.0
785,https://github.com/es-shims/es5-shim,9100,4875,924,8.0
786,https://github.com/xojs/eslint-config-xo,625,145,27,10.0
787,https://github.com/gulpjs/vinyl-fs,7726,3928,704,11.0
788,https://github.com/webpack/node-libs-browser,123,88,795,5.0
789,https://github.com/hapijs/boom,1423,755,429,7.0
790,https://github.com/vojtajina/grunt-coffeelint,60,36,1847,5.0
791,https://github.com/BerkeleyTrue/warning,244,126,1260,12.0
792,https://github.com/gaearon/react-transform-hmr,68,28,977,11.0
793,https://github.com/stevelacy/gulp-git,2208,1434,717,5.0
794,https://github.com/octokit/rest.js,5164,2118,143,9.0
795,https://github.com/kangax/html-minifier,33209,24204,9,11.0
796,https://github.com/defunctzombie/node-util,2292,1293,343,11.0
797,https://github.com/sindresorhus/del-cli,53,25,1187,10.0
798,https://github.com/SouthbankSoftware/test-utils,155,33,442,8.0
799,https://github.com/isaacs/node-which,444,269,610,9.0
800,https://github.com/eggjs/eslint-config-egg,2789,663,889,11.0
801,https://github.com/hapijs/hoek,3543,2100,0,11.0
802,https://github.com/Raynos/global,32,26,2235,4.0
803,https://github.com/theaqua/redux-logger,607,234,775,10.0
804,https://github.com/webpack-contrib/compression-webpack-plugin,1349,559,661,9.0
805,https://github.com/Swatinem/rollup-plugin-url,365,122,674,9.0
806,https://github.com/jshttp/mime-types,415,204,190,8.0
807,https://github.com/rwjblue/ember-source-channel-url,125,62,458,6.0
808,https://github.com/primus/eventemitter3,1665,1006,0,8.0
809,https://github.com/qunitjs/qunit,14853,7115,371,9.0
810,https://github.com/chaijs/chai-spies,2233,857,323,10.0
811,https://github.com/mafintosh/pump,201,125,1211,2.0
812,https://github.com/semantic-release/travis-deploy-once,1390,687,486,11.0
813,https://github.com/expressjs/multer,1996,1301,818,8.0
814,https://github.com/flatiron/nconf,3650,1770,519,6.0
815,https://github.com/sindresorhus/log-symbols,42,27,619,10.0
816,https://github.com/alex-seville/blanket,97424,50495,1389,10.0
817,https://github.com/jshttp/cookie,525,238,360,8.0
818,https://github.com/jeremyfa/yaml.js,11998,5252,739,5.0
819,https://github.com/felixge/node-dateformat,352,159,1148,4.0
820,https://github.com/babel/karma-babel-preprocessor,199,126,579,11.0
821,https://github.com/yaymukund/grunt-simple-mocha,196,95,2287,7.0
822,https://github.com/patorjk/figlet.js,1356,637,1640,11.0
823,https://github.com/vohof/gulp-livereload,450,239,1706,5.0
824,https://github.com/jscs-dev/gulp-jscs,480,267,1633,11.0
825,https://github.com/cujojs/when,12509,5552,1330,8.0
826,https://github.com/deepsweet/isparta-loader,19,11,1307,7.0
827,https://github.com/ElemeFE/element,36169,13294,236,9.0
828,https://github.com/gruntjs/grunt-contrib-less,727,339,1154,11.0
829,https://github.com/Gozala/events,1969,1544,412,12.0
830,https://github.com/calvinmetcalf/copyfiles,478,239,1180,6.0
831,https://github.com/Raynos/function-bind,309,186,502,7.0
832,https://github.com/jashkenas/backbone,26822,15017,791,11.0
833,https://github.com/airbnb/babel-plugin-dynamic-import-node,283,160,490,11.0
834,https://github.com/passy/autoprefixer-loader,149,88,1514,12.0
835,https://github.com/blakeembrey/pluralize,1276,172,369,8.0
836,https://github.com/iShafayet/gulp-line-ending-corrector,3,4,1285,5.0
837,https://github.com/jscs-dev/grunt-jscs,944,449,1497,10.0
838,https://github.com/node-modules/autod,717,382,1035,11.0
839,https://github.com/postcss/postcss-cli,1343,598,409,9.0
840,https://github.com/alexei/sprintf.js,542,341,1191,11.0
841,https://github.com/tschaub/mock-fs,9397,4242,673,8.0
842,https://github.com/hammerjs/hammer.js,8194,3516,1012,10.0
843,https://github.com/blakeembrey/co-mocha,612,219,891,8.0
844,https://github.com/jnordberg/coffeeify,295,197,557,10.0
845,https://github.com/babel/babylon,15758,7233,742,11.0
846,https://github.com/storybooks/storybook-package,1375,635,573,9.0
847,https://github.com/ryanmcgrath/wrench-js,943,530,1422,10.0
848,https://github.com/webpack/null-loader,60,14,376,10.0
849,https://github.com/developit/microbundle,1213,419,295,9.0
850,https://github.com/aheckmann/gm,7096,3994,1205,8.0
851,https://github.com/eddyerburgh/jest-serializer-vue,80,39,574,12.0
852,https://github.com/fb55/htmlparser2,2049,1078,1076,6.0
853,https://github.com/csstools/postcss-preset-env,843,273,189,10.0
854,https://github.com/hughsk/uglifyify,349,200,1363,9.0
855,https://github.com/babel/grunt-babel,122,62,928,11.0
856,https://github.com/ember-cli/ember-cli-test-loader,92,45,0,8.0
857,https://github.com/zeit/ms,461,193,574,6.0
858,https://github.com/ember-cli/ember-cli-jshint,366,147,1204,11.0
859,https://github.com/ben-eb/gulp-cssnano,177,116,572,6.0
860,https://github.com/npm/npmlog,860,448,804,9.0
861,https://github.com/teambition/gulp-sequence,146,79,1387,11.0
862,https://github.com/segmentio/metalsmith,1306,619,828,6.0
863,https://github.com/lerna/lerna,27543,12959,313,11.0
864,https://github.com/jprichardson/string.js,3334,1642,1477,11.0
865,https://github.com/TheLarkInn/angular2-template-loader,355,153,1041,6.0
866,https://github.com/sindresorhus/unique-random-array,22,15,0,10.0
867,https://github.com/normalize/mz,412,184,1156,5.0
868,https://github.com/esdoc/esdoc,6356,2637,519,11.0
869,https://github.com/sindresorhus/gulp-imagemin,177,100,960,11.0
870,https://github.com/mfncooper/mockery,1091,466,2554,5.0
871,https://github.com/sindresorhus/np,1338,612,468,10.0
872,https://github.com/keyanzhang/identity-obj-proxy,152,69,1202,9.0
873,https://github.com/panuhorsmalahti/gulp-tslint,772,305,615,11.0
874,https://github.com/sindresorhus/pify,392,210,924,11.0
875,https://github.com/palantir/tslint-react,116,50,716,6.0
876,https://github.com/insin/nwb,9175,3061,464,9.0
877,https://github.com/chalk/strip-ansi,25,17,1424,10.0
